Nucleotide,Order,NCI,NCD,NE,CI,CII,CEI,DCI,CINE,CD,CID,CED,ICD,CDNE,N-inc-ins,N-inc-del,No edit1,Ins ed,I-inc,Del ed,D-inc,Insertion,Deletion,No edit2,NC edit,PE,FE,No edit3,Insertion1,Deletion1,NC Insertion,NC Deletion
A,1,0,0,1000000,0,0,0,0,0,0,0,0,0,0,0,0,1000000,0,0,0,0,0,0,1000000,0,1000000,0,1000000,0,0,0,0
A,2,0,0,1000000,0,0,0,0,0,0,0,0,0,0,0,0,1000000,0,0,0,0,0,0,1000000,0,1000000,0,1000000,0,0,0,0
G,3,0,0,1000000,0,0,0,0,0,0,0,0,0,0,0,0,1000000,0,0,0,0,0,0,1000000,0,1000000,0,1000000,0,0,0,0
A,4,0,0,1000000,0,0,0,0,0,0,0,0,0,0,0,0,1000000,0,0,0,0,0,0,1000000,0,1000000,0,1000000,0,0,0,0
A,5,0,0,1000000,0,0,0,0,0,0,0,0,0,0,0,0,1000000,0,0,0,0,0,0,1000000,0,1000000,0,1000000,0,0,0,0
A,6,0,0,1000000,0,0,0,0,0,0,0,0,0,0,0,0,1000000,0,0,0,0,0,0,1000000,0,1000000,0,1000000,0,0,0,0
G,7,0,0,1000000,0,0,0,0,0,0,0,0,0,0,0,0,1000000,0,0,0,0,0,0,1000000,0,1000000,0,1000000,0,0,0,0
G,8,0,0,1000000,0,0,0,0,0,0,0,0,0,0,0,0,1000000,0,0,0,0,0,0,1000000,0,1000000,0,1000000,0,0,0,0
A,9,0,0,1000000,0,0,0,0,0,0,0,0,0,0,0,0,1000000,0,0,0,0,0,0,1000000,0,1000000,0,1000000,0,0,0,0
A,10,0,0,1000000,0,0,0,0,0,0,0,0,0,0,0,0,1000000,0,0,0,0,0,0,1000000,0,1000000,0,1000000,0,0,0,0
A,11,0,0,1000000,0,0,0,0,0,0,0,0,0,0,0,0,1000000,0,0,0,0,0,0,1000000,0,1000000,0,1000000,0,0,0,0
A,12,0,0,1000000,0,0,0,0,0,0,0,0,0,0,0,0,1000000,0,0,0,0,0,0,1000000,0,1000000,0,1000000,0,0,0,0
C,13,0,0,1000000,0,0,0,0,0,0,0,0,0,0,0,0,1000000,0,0,0,0,0,0,1000000,0,1000000,0,1000000,0,0,0,0
A,14,0,0,1000000,0,0,0,0,0,0,0,0,0,0,0,0,1000000,0,0,0,0,0,0,1000000,0,1000000,0,1000000,0,0,0,0
A,15,0,0,1000000,0,0,0,0,0,0,0,0,0,0,0,0,1000000,0,0,0,0,0,0,1000000,0,1000000,0,1000000,0,0,0,0
A,16,0,0,1000000,0,0,0,0,0,0,0,0,0,0,0,0,1000000,0,0,0,0,0,0,1000000,0,1000000,0,1000000,0,0,0,0
G,17,23530,0,976471,0,0,0,0,0,0,0,0,0,0,23530,0,976471,0,0,0,0,23530,0,976471,23530,976471,0,976471,0,0,23530,0
A,18,0,0,0,352941,58823,0,0,588235,0,0,0,0,0,0,0,588235,352941,58823,0,0,411764,0,588235,58823,588235,352941,588235,352941,0,58823,0
A,19,70588,0,929412,0,0,0,0,0,0,0,0,0,0,70588,0,929412,0,0,0,0,70588,0,929412,70588,929412,0,929412,0,0,70588,0
A,20,0,0,0,411765,0,70588,0,517647,0,0,0,0,0,70588,0,517647,411765,0,0,0,482353,0,517647,70588,517647,411765,517647,411765,0,70588,0
G,21,0,0,0,400000,35294,0,0,564706,0,0,0,0,0,0,0,564706,400000,35294,0,0,435294,0,564706,35294,564706,400000,564706,400000,0,35294,0
G,22,82353,0,917647,0,0,0,0,0,0,0,0,0,0,82353,0,917647,0,0,0,0,82353,0,917647,82353,917647,0,917647,0,0,82353,0
G,23,0,0,0,435294,11765,11765,0,541176,0,0,0,0,0,11765,0,541176,435294,11765,0,0,458824,0,541176,23530,541176,435294,541176,435294,0,23530,0
G,24,0,0,0,411765,82352,0,0,505882,0,0,0,0,0,0,0,505882,411765,82352,0,0,494117,0,505882,82352,505882,411765,505882,411765,0,82352,0
A,25,0,0,0,0,0,0,0,0,435294,35294,0,11765,517647,11765,0,517647,0,0,435294,35294,11765,470588,517647,47059,517647,435294,517647,0,435294,11765,35294
A,26,0,0,0,400000,35294,11765,0,552941,0,0,0,0,0,11765,0,552941,400000,35294,0,0,447059,0,552941,47059,552941,400000,552941,400000,0,47059,0
A,27,141177,0,858824,0,0,0,0,0,0,0,0,0,0,141177,0,858824,0,0,0,0,141177,0,858824,141177,858824,0,858824,0,0,141177,0
G,28,0,0,0,352941,152941,23530,0,470588,0,0,0,0,0,23530,0,470588,352941,152941,0,0,529412,0,470588,176471,470588,352941,470588,352941,0,176471,0
A,29,0,0,0,364706,35294,305883,23530,270588,0,0,0,0,0,305883,23530,270588,364706,35294,0,0,705883,23530,270588,364707,270588,364706,270588,364706,0,341177,23530
G,30,0,0,0,705882,0,23529,0,270588,0,0,0,0,0,23529,0,270588,705882,0,0,0,729411,0,270588,23529,270588,705882,270588,705882,0,23529,0
G,31,35294,0,964706,0,0,0,0,0,0,0,0,0,0,35294,0,964706,0,0,0,0,35294,0,964706,35294,964706,0,964706,0,0,35294,0
C,32,0,258824,741176,0,0,0,0,0,0,0,0,0,0,0,258824,741176,0,0,0,0,0,258824,741176,258824,741176,0,741176,0,0,0,258824
G,33,211765,0,788235,0,0,0,0,0,0,0,0,0,0,211765,0,788235,0,0,0,0,211765,0,788235,211765,788235,0,788235,0,0,211765,0
A,34,0,270588,729412,0,0,0,0,0,0,0,0,0,0,0,270588,729412,0,0,0,0,0,270588,729412,270588,729412,0,729412,0,0,0,270588
G,35,0,0,0,729412,0,35294,0,235294,0,0,0,0,0,35294,0,235294,729412,0,0,0,764706,0,235294,35294,235294,729412,235294,729412,0,35294,0
A,36,0,0,1000000,0,0,0,0,0,0,0,0,0,0,0,0,1000000,0,0,0,0,0,0,1000000,0,1000000,0,1000000,0,0,0,0
G,37,0,0,1000000,0,0,0,0,0,0,0,0,0,0,0,0,1000000,0,0,0,0,0,0,1000000,0,1000000,0,1000000,0,0,0,0
C,38,0,0,1000000,0,0,0,0,0,0,0,0,0,0,0,0,1000000,0,0,0,0,0,0,1000000,0,1000000,0,1000000,0,0,0,0
G,39,0,0,1000000,0,0,0,0,0,0,0,0,0,0,0,0,1000000,0,0,0,0,0,0,1000000,0,1000000,0,1000000,0,0,0,0
G,40,0,0,1000000,0,0,0,0,0,0,0,0,0,0,0,0,1000000,0,0,0,0,0,0,1000000,0,1000000,0,1000000,0,0,0,0
G,41,0,0,1000000,0,0,0,0,0,0,0,0,0,0,0,0,1000000,0,0,0,0,0,0,1000000,0,1000000,0,1000000,0,0,0,0
A,42,0,0,1000000,0,0,0,0,0,0,0,0,0,0,0,0,1000000,0,0,0,0,0,0,1000000,0,1000000,0,1000000,0,0,0,0
G,43,0,0,1000000,0,0,0,0,0,0,0,0,0,0,0,0,1000000,0,0,0,0,0,0,1000000,0,1000000,0,1000000,0,0,0,0
A,44,0,0,1000000,0,0,0,0,0,0,0,0,0,0,0,0,1000000,0,0,0,0,0,0,1000000,0,1000000,0,1000000,0,0,0,0
